Built,n,prop
3.5.0,117,0.32865168539325845
3.5.1,200,0.5617977528089888
3.5.2,39,0.10955056179775281
